gender,name,origin
M,აბა,ებრაული
M,აბაზა,სპარსული
M,აბდია,ებრაული
M,აბდიეს,ებრაული
M,აბდონ,ებრაული
M,აბდულ,არაბული
M,აბელ,ებრაული
M,აბენეს,
M,აბესალომ,ებრაული
M,აბიათარ,
M,აბიბო,არაბული
M,აბიბოს,
M,აბიმ,
M,აბო,არაბული
M,აბრაამ,ებრაული
M,აბრამ,ებრაული
M,აბუდიმე,
M,აბულა,არაბული
M,აბუნდი,
M,აბუსერ,
M,აგაბო,ბერძნული
M,აგათონიკე,ბერძნული
M,აგაპე,ბერძნული
M,აგლაიოს,ბერძნული
M,აგული,ქართული
M,აგუნა,ქართული
M,ადამ,ებრაული
M,ადამი,ებრაული
M,ადარნასე,სპარსული
M,ადარნერსე,სპარსული
M,ადიკო,
M,ადილა,არაბული
M,ადილარ,არაბული
M,ადოლა,ქართული
M,ადოლფო,ესპანური
M,ადრაინე,ლათინური
M,ადრიანე,ლათინური
M,აეტი,ბერძნული
M,ავაგ,
M,ავაგი,
M,ავალა,
M,ავალო,
M,ავგაროზ,
M,ავგუსტინე,
M,ავდელი,
M,ავდიკი,სპარსული
M,ავდიფაქსი,სპარსული
M,ავთანდილ,სპარსული
M,ავთო,ქართული
M,ავტონომე,ბერძნული
M,ავქსენტი,ბერძნული
M,ავქტე,ბერძნული
M,აზა,სპარსული
M,აზადან,სპარსული
M,აზარია,ებრაული
M,აზატი,სპარსული
M,ათანასე,ბერძნული
M,ათინოგენე,ბერძნული
M,ათინოდორე,ბერძნული
M,აიდემურ,
M,აითალე,სპარსული
M,აკაკი,ბერძნული
M,აკეფსი,სპარსული
M,აკეფსიმე,სპარსული
M,აკვილა,ლათინური
M,აკვინდინე,ბერძნული
M,აკიო,იაპონური
M,აკო,ქართული
M,აკუტიონი,ლათინური
M,ალავერდა,თურქული
M,ალალე,ქალდეური
M,ალეკო,ქართული
M,ალექსი,ბერძნული
M,ალვიპ,ბერძნული
M,ალი,არაბული
M,ალიმი,
M,ალიო,ქართული
M,ალმასგირ,თურქული
M,ალმასხან,თურქული
M,ალმირელ,
M,ალუდა,ოსური
M,ალფეზ,ბერძნული
M,ალფესი,ებრაული
M,ალფიოს,
M,ალხაზა,
M,ამან,არაბული
M,ამბაკო,ებრაული
M,ამბერკი,ბერძნული
M,ამბროსი,ბერძნული
M,ამირან,ქართული
M,ამირანდო,
M,ამირანი,ქართული
M,ამირინდო,სპარსული
M,ამონი,ეგვიპტური
M,ამონიტე,
M,ამოსი,ებრაული
M,ამფიანე,
M,ამფილოქე,ბერძნული
M,ანანია,ებრაული
M,ანასტასი,ბერძნული
M,ანგეა,ებრაული
M,ანგელარი,ბერძნული
M,ანგია,ბერძნული
M,ანდრი,ბერძნული
M,ანდრია,ბერძნული
M,ანდრო,ბერძნული
M,ანდრონიკე,ბერძნული
M,ანდუყაფარ,სპარსული
M,ანემპოდისტე,ბერძნული
M,ანექტი,ბერძნული
M,ანზორ,ქართული
M,ანთვირე,ბერძნული
M,ანთიმოზ,ბერძნული
M,ანიკიტე,ბერძნული
M,ანინე,
M,ანრი,
M,ანტიოქე,ბერძნული
M,ანტიპა,ბერძნული
M,ანტიპატრე,ბერძნული
M,ანტოლი,ბერძნული
M,ანტონინე,
M,ანუბი,ეგვიპტური
M,აპელი,ბერძნული
M,აპოლინარ,ბერძნული
M,აპოლონ,ბერძნული
M,აპოლოს,ბერძნული
M,აპრონიანე,ბერძნული
M,არდალიონ,ბერძნული
M,არდაშელ,ირანული
M,არდაშელი,
M,არეთა,ბერძნული
M,არეს,ბერძნული
M,არზაყან,თურქული
M,არიანე,
M,არიოს,ებრაული
M,არისტარქე,ბერძნული
M,არისტო,ბერძნული
M,არისტობულე,ბერძნული
M,არისტოკლე,ბერძნული
M,არისტონ,ბერძნული
M,არკადი,ბერძნული
M,არმაზ,ირანული
M,არნავ,ინდური
M,არპილა,
M,არტემ,ბერძნული
M,არტემონ,ბერძნული
M,არქილე,
M,არქიპო,ბერძნული
M,არქიფო,ბერძნული
M,არჩილ,ირანული
M,არჯევან,სპარსული
M,ასათ,არაბული
M,ასალო,
M,ასან,არაბული
M,ასინკრიტე,ბერძნული
M,ასკალო,ბერძნული
M,ასკალონ,ბერძნული
M,ასკლიპიოდოტე,ბერძნული
M,ასლამაზ,
M,ასლან,თურქული
M,ასლანაზ,ქართული
M,ასპან,
M,ასტერ,ბერძნული
M,ასტიონ,ბერძნული
M,ასტიონე,
M,ასტიოს,ბერძნული
M,ატიკე,ბერძნული
M,ატიოს,ბერძნული
M,აფთარი,
M,აფთონი,ბერძნული
M,აფრასიონ,სპარსული
M,აფრიკანე,
M,აფშინა,სპარსული
M,აქაზი,ებრაული
M,აქაია,ებრაული
M,აქიკი,ებრაული
M,აქილე,ბერძნული
M,აღათანგელოზი,ბერძნული
M,აღათოდორე,ბერძნული
M,აღათონი,ბერძნული
M,აღათოპო,ბერძნული
M,აღათოპოდო,ბერძნული
M,აღაპი,ბერძნული
M,აღაპიტე,ბერძნული
M,აღბუღა,
M,აშოტ,
M,აჩიკო,ქართული
M,აჰმედ,არაბული
M,ბაადურ,სპარსული
M,ბაბილა,ებრაული
M,ბაბილო,სირიული
M,ბაგრატ,ირანული
M,ბადრი,არაბული
M,ბადუკა,
M,ბათუ,
M,ბათუსი,
M,ბაკურ,ირანული
M,ბაკხუსი,ბერძნული
M,ბაპტოსი,
M,ბარათა,არაბული
M,ბარამ,
M,ბარაქიოს,ებრაული
M,ბარაქისე,სპარსული
M,ბარბარი,
M,ბართლომე,ებრაული
M,ბარნაბა,ებრაული
M,ბარსანოფი,
M,ბარსისე,
M,ბარული,სირიული
M,ბარუქ,ებრაული
M,ბარძიმ,ირანული
M,ბასილ,ირანული
M,ბასინე,
M,ბასოსი,
M,ბაქარ,ქართული
M,ბაქარი,ქართული
M,ბაღათერა,ირანული
M,ბაჩა,ქართული
M,ბაჩანა,ქართული
M,ბაჭუა,ქართული
M,ბაჭუკი,ქართული
M,ბახვა,ქართული
M,ბახუ,
M,ბახუტა,ირანული
M,ბებური,
M,ბეგა,თურქული
M,ბეგი,თურქული
M,ბეგლარ,თურქული
M,ბედიანე,
M,ბეკო,
M,ბენედიქტე,ლათინური
M,ბენიამინ,ებრაული
M,ბენიამინი,ებრაული
M,ბენჯამინ,ინგლისური
M,ბეჟან,სპარსული
M,ბერა,ქართული
M,ბერდია,ქართული
M,ბერი,
M,ბესარიონ,ბერძნული
M,ბესიკ,ქართული
M,ბექა,თურქული
M,ბეშქენ,სპარსული
M,ბეცია,
M,ბითონიოს,ბერძნული
M,ბიკენტი,ლათინური
M,ბირთველი,
M,ბირილადე,
M,ბიქტორ,ლათინური
M,ბიძინა,ქართული
M,ბიჭია,
M,ბიჭიკო,ქართული
M,ბოიანი,
M,ბონიფანტე,ლათინური
M,ბორის,სლავური
M,ბოსტა,
M,ბოჩია,ქართული
M,ბოცო,ქართული
M,ბუდუ,ქართული
M,ბუჭულა,
M,ბუხუტი,ქართული
M,გაბიანე,ლათინური
M,გაბილა,
M,გაბრიელ,ებრაული
M,გაბრიელი,ებრაული
M,გაგი,ქართული
M,გავედაი,სპარსული
M,გაიოზ,ბერძნული
M,გალაკტიონ,ბერძნული
M,გალაქტიონ,ბერძნული
M,გალიკე,
M,გალოგრე,
M,გამალიელი,ებრაული
M,გამახარე,
M,გამიხარდა,
M,გარსევან,
M,გახა,ქართული
M,გეგა,ქართული
M,გეგი,ქართული
M,გედევან,ებრაული
M,გედეონ,
M,გელა,ქართული
M,გელასი,ბერძნული
M,გემელი,ლათინური
M,გენადი,ბერძნული
M,გერასიმე,ბერძნული
M,გერვასი,ბერძნული
M,გერმანე,ლათინური
M,გერონტი,ბერძნული
M,გვანჯი,ქართული
M,გზობია,
M,გია,ქართული
M,გიგა,ქართული
M,გიგანტი,ბერძნული
M,გიგი,ქართული
M,გიგილო,ქართული
M,გიგლა,ქართული
M,გიგოლი,ქართული
M,გივი,ქართული
M,გივიკო,ქართული
M,გიმნასიოსი,ბერძნული
M,გიო,ბერძნული
M,გიორგი,ბერძნული
M,გლახა,
M,გლახუა,
M,გლები,სლავური
M,გლიკერი,ბერძნული
M,გოგი,ქართული
M,გოგია,
M,გოგიტა,ქართული
M,გოგიჩა,ქართული
M,გოგოთურ,ქართული
M,გოდერძი,ირანული
M,გორაზდი,
M,გორგიოს,ბერძნული
M,გორგონიოს,ბერძნული
M,გორდი,
M,გორდიანე,
M,გოსტაშაბ,სპარსული
M,გოშპარი,
M,გოჩა,ქართული
M,გოჯასპირი,სპარსული
M,გრიგოლ,ბერძნული
M,გუბაზ,ირანული
M,გუბაზი,ირანული
M,გუგა,ქართული
M,გუგუ,ქართული
M,გუგუნა,ქართული
M,გუკა,ქართული
M,გულბაათ,სპარსული
M,გულბათი,
M,გურამ,
M,გურამი,ბერძნული
M,გურასპი,
M,გურგენ,ირანული
M,გური,ებრაული
M,დადა,ბერძნული
M,დავიქტი,ლათინური
M,დათა,ქართული
M,დათია,ქართული
M,დათიკო,ქართული
M,დათო,ქართული
M,დათუა,ქართული
M,დათუნა,ქართული
M,დაიკი,იაპონური
M,დაისუკე,იაპონური
M,დაიჩი,იაპონური
M,დალმატი,
M,დამიანე,ბერძნული
M,დანაქტი,ბერძნული
M,დანიელ,ებრაული
M,დანიელი,ებრაული
M,დარისპანი,სპარსული
M,დარჩია,
M,დასი,ბერძნული
M,დაჩი,სპარსული
M,დევი,ინგლისური
M,დეივ,ინგლისური
M,დემეტრე,ბერძნული
M,დემნა,ქართული
M,დემური,
M,დიასამ,
M,დიდიმ,ბერძნული
M,დიდიმე,ბერძნული
M,დიმა,სლავური
M,დიმიტრი,სლავური
M,დიმიტრიანე,ბერძნული
M,დიოდორე,ბერძნული
M,დიოდოტე,ბერძნული
M,დიომიდე,ბერძნული
M,დიონე,
M,დიონისე,ბერძნული
M,დიოსი,ბერძნული
M,დიოსკორე,ბერძნული
M,დისანი,
M,დისიდერი,ლათინური
M,დიტო,ქართული
M,დოდო,
M,დოლენჯი,
M,დომენტი,ბერძნული
M,დომეტიანე,ლათინური
M,დომნე,ლათინური
M,დომნინე,ლათინური
M,დონატე,ლათინური
M,დოროთე,ბერძნული
M,დოროთეოზ,ბერძნული
M,დორომედონტ,ბერძნული
M,დოსითეოზი,ბერძნული
M,დუდა,
M,დუდუ,
M,დულე,ბერძნული
M,დურმიშხან,თურქული
M,დუტუ,ქართული
M,დუქიტე,ლათინური
M,ეგნატე,ლათინური
M,ედიშერ,სპარსული
M,ედოსიოს,სირიული
M,ედუარდ,გერმანული
M,ევაგრე,ბერძნული
M,ევანგელი,ბერძნული
M,ევარესტო,ბერძნული
M,ევბული,ბერძნული
M,ევგენი,ბერძნული
M,ევგრაფ,ბერძნული
M,ევდემოზ,
M,ევდოკ,ბერძნული
M,ევდოკიმე,ბერძნული
M,ევდომოსი,
M,ეველპისტე,ბერძნული
M,ევილასე,ბერძნული
M,ევკარპიოს,ბერძნული
M,ევკლე,
M,ევლამპიოს,ბერძნული
M,ევლოგ,ბერძნული
M,ევმენიოს,ბერძნული
M,ევნიკიანე,ბერძნული
M,ევნოიკე,ბერძნული
M,ევოდი,ბერძნული
M,ევპოლე,ბერძნული
M,ევპორო,ბერძნული
M,ევსევი,ბერძნული
M,ევსევონი,
M,ევსინგი,ბერძნული
M,ევსტათი,ბერძნული
M,ევსტოქიოს,ბერძნული
M,ევსტრატი,ბერძნული
M,ევსქიმონი,ბერძნული
M,ევტიქი,ბერძნული
M,ევტიქიანე,ბერძნული
M,ევტროპიოს,ბერძნული
M,ევფრას,ბერძნული
M,ევფროსინე,ბერძნული
M,ეზეკიელ,ებრაული
M,ეზრა,
M,ეთერიოს,ბერძნული
M,ეკდიკიოსი,
M,ელადი,ბერძნული
M,ელგუჯა,თურქული
M,ელდარ,ებრაული
M,ელევსიპე,ბერძნული
M,ელეზვოე,
M,ელეფთერ,ბერძნული
M,ელია,ბერძნული
M,ელიაზარ,ებრაული
M,ელიზბარ,
M,ელიმე,ებრაული
M,ელიოზ,ბერძნული
M,ელიოსი,
M,ელისე,ებრაული
M,ელპიდიოს,ბერძნული
M,ელპიდიფორე,ბერძნული
M,ემანუელ,ებრაული
M,ემელიანე,ბერძნული
M,ეპაფრასი,ბერძნული
M,ეპაფროდიტე,ბერძნული
M,ეპენტე,ბერძნული
M,ეპიფანე,ბერძნული
M,ეპიქტეტე,ბერძნული
M,ერაზმი,ბერძნული
M,ერასტი,ბერძნული
M,ერეკლე,ბერძნული
M,ერემია,ბერძნული
M,ერმი,ბერძნული
M,ერმილე,
M,ერმინინგელდი,გერმანული
M,ერმიპე,ბერძნული
M,ერმოგენი,ბერძნული
M,ერმოკრატე,ბერძნული
M,ერმოლაოს,ბერძნული
M,ეროსი,ბერძნული
M,ესაია,ბერძნული
M,ესპერი,ბერძნული
M,ესტატე,ბერძნული
M,ეფენდი,თურქული
M,ეფიბი,ბერძნული
M,ეფრემ,ბერძნული
M,ექვთიმე,ბერძნული
M,ექსაკუსტოდიანე,ბერძნული
M,ვადიმი,სპარსული
M,ვაკო,
M,ვალენტინე,ლათინური
M,ვალერი,ლათინური
M,ვალერიანე,ლათინური
M,ვალერიუს,ლათინური
M,ვამეყი,
M,ვანო,ქართული
M,ვაჟა,ქართული
M,ვარადატი,სირიული
M,ვარაზვაჩე,
M,ვარაზი,სპარსული
M,ვარამი,
M,ვარაქიელი,ებრაული
M,ვარდენ,ირანული
M,ვარიფსავე,ბერძნული
M,ვარლამ,ქალდეური
M,ვასე,
M,ვასიკო,ქართული
M,ვასილ,ბერძნული
M,ვასილიდი,ბერძნული
M,ვასილისკო,ბერძნული
M,ვატა,ბერძნული
M,ვატო,ქართული
M,ვაჩე,ირანული
M,ვახო,ქართული
M,ვახტანგი,ირანული
M,ვახუშტი,ირანული
M,ვენდიმიანე,
M,ვენედიმე,
M,ვერკი,
M,ვერძელა,
M,ვიანორე,ბერძნული
M,ვივიანე,ლათინური
M,ვილე,
M,ვირშელი,
M,ვიტალი,ლათინური
M,ვიტე,ლათინური
M,ვიქტორ,ლათინური
M,ვიქტორი,ლათინური
M,ვიქტორინი,ლათინური
M,ვლადიმერ,რუსული
M,ვლადიმირ,სლავური
M,ვლადისლავი,სლავური
M,ვლასი,ბერძნული
M,ვუკოლე,ბერძნული
M,ზაალ,სპარსული
M,ზაბულონი,
M,ზაზა,ებრაული
M,ზაზუკა,
M,ზაქარია,ებრაული
M,ზაქე,სირიული
M,ზაქრო,
M,ზებედე,
M,ზევინე,
M,ზეზვა,ქართული
M,ზენონ,ბერძნული
M,ზვიად,ქართული
M,ზვიადი,
M,ზინა,ბერძნული
M,ზინობი,ბერძნული
M,ზოილე,ბერძნული
M,ზოსიმე,ბერძნული
M,ზოტიკე,ბერძნული
M,ზუბიტა,
M,ზუკა,ქართული
M,ზურა,ქართული
M,ზურაბ,სპარსული
M,ზურაბი,სპარსული
M,ზურია,ქართული
M,ზურიკო,ქართული
M,თადეოზ,ასურიული
M,თადია,
M,თაზო,ქართული
M,თალალე,ბერძნული
M,თალასი,ბერძნული
M,თალესი,ბერძნული
M,თამაზ,ირანული
M,თამაზი,ირანული
M,თანდილა,ქართული
M,თარხან,თურქული
M,თაურა,
M,თაყა,ქართული
M,თაყინა,
M,თედო,
M,თედორე,ბერძნული
M,თევდორე,
M,თეიმურაზ,ირანული
M,თემელიოსი,ბერძნული
M,თემისტოკლე,ბერძნული
M,თემო,ქართული
M,თემურ,თურქული
M,თემური,თურქული
M,თენგიზ,თურქული
M,თენგო,ქართული
M,თეოგენი,ბერძნული
M,თეოგნიდე,ბერძნული
M,თეოგნოსტე,ბერძნული
M,თეოდორიტე,ბერძნული
M,თეოდოსი,ბერძნული
M,თეოდოტე,ბერძნული
M,თეოდოხე,ბერძნული
M,თეოდულე,ბერძნული
M,თეონა,ბერძნული
M,თეოპემპტე,ბერძნული
M,თეოპისტე,ბერძნული
M,თეოპრეპე,ბერძნული
M,თეოსტირიქტე,ბერძნული
M,თეოსტიქე,ბერძნული
M,თეოტეკნე,ბერძნული
M,თეოტიქე,ბერძნული
M,თეოფანე,ბერძნული
M,თეოფილაქტე,ბერძნული
M,თეოფილე,ბერძნული
M,თეოქტირისტე,ბერძნული
M,თეოქტისტე,ბერძნული
M,თერაპონი,ბერძნული
M,თერმე,ბერძნული
M,თესპე,ბერძნული
M,თვირსე,
M,თიფაილი,
M,თომა,ებრაული
M,თორღვა,
M,იაგო,ესპანური
M,იაგორა,
M,იადორე,
M,იაკინთე,ბერძნული
M,იაკისქოლე,ბერძნული
M,იაკობ,ებრაული
M,იაკობი,ებრაული
M,იამბლიქო,ბერძნული
M,იანუარ,ლათინური
M,იარალი,თურქული
M,იასე,
M,იასონ,ბერძნული
M,იგათრაქსი,
M,იერაქსი,ბერძნული
M,იერემია,ებრაული
M,იერითეოსი,ბერძნული
M,იერომიელი,ებრაული
M,იერონი,ბერძნული
M,იერონიმე,ბერძნული
M,ივანე,ებრაული
M,ივერი,ქართული
M,ივლიანე,ლათინური
M,ივქირიონ,ქართული
M,ილი,ბერძნული
M,ილია,ებრაული
M,ილიანე,ბერძნული
M,ილიკო,ქართული
M,ილიოდორე,ბერძნული
M,ილირიკე,ბერძნული
M,იმედა,ქართული
M,ინა,გუთური
M,ინდისევსი,
M,ინიკიტე,ბერძნული
M,ინოკეტი,ლათინური
M,იოადი,ებრაული
M,იოათამი,
M,იოაკიმე,ებრაული
M,იოანე,ებრაული
M,იოანიკე,
M,იოასაფი,ებრაული
M,იობი,ებრაული
M,იოელი,ებრაული
M,იოვენტინე,
M,იოთამი,
M,იონა,ებრაული
M,იორამი,
M,იორდანე,ებრაული
M,იოსია,ებრაული
M,იოშიო,იაპონური
M,იოჰან,გერმანული
M,იოჰანი,გერმანული
M,იპატიოსი,ბერძნული
M,იპერიხე,
M,იპერხი,ბერძნული
M,იპოლიტე,ბერძნული
M,ირაკლემონი,ბერძნული
M,ირაკლი,ბერძნული
M,ირინარხე,ბერძნული
M,ირინეოსი,ბერძნული
M,ირინიოსი,
M,იროდიონი,ბერძნული
M,ისააკი,ებრაული
M,ისავრე,
M,ისაია,ებრაული
M,ისაკ,ებრაული
M,ისამუ,იაპონური
M,ისე,
M,ისიდორე,ბერძნული
M,ისიხი,ბერძნული
M,ისკოი,
M,ისმაილ,ებრაული
M,ისუ,
M,იუბენალი,ლათინური
M,იუდა,ებრაული
M,იუვენტინე,ლათინური
M,იულიანე,ლათინური
M,იულიუს,ლათინური
M,იუსტიანიანე,ლათინური
M,იუსტინე,ლათინური
M,იუსტოს,ლათინური
M,იუტაკა,იაპონური
M,იუტო,იაპონური
M,იუუდაი,იაპონური
M,იუუმა,იაპონური
M,იუუტა,იაპონური
M,კაზუია,იაპონური
M,კაზუკი,იაპონური
M,კაიტო,იაპონური
M,კაკო,ქართული
M,კალე,ქართული
M,კალენიკე,ბერძნული
M,კალიმაქე,ბერძნული
M,კალინიკე,ბერძნული
M,კალიოპე,ბერძნული
M,კალისტე,ბერძნული
M,კალუთე,
M,კანდიდ,ლათინური
M,კანდიდე,ლათინური
M,კანტიდი,
M,კანტიდიანე,
M,კაპიკე,
M,კაპიტონი,ლათინური
M,კარლო,გერმანული
M,კარპე,ბერძნული
M,კასიანე,ლათინური
M,კასტორი,ბერძნული
M,კასტრიკიოსი,ლათინური
M,კასტული,ლათინური
M,კატერიოსი,ბერძნული
M,კატუნი,
M,კაუშალ,ინდური
M,კაცუმი,იაპონური
M,კახა,ქართული
M,კახაბერ,ქართული
M,კეისუკე,იაპონური
M,კელესტინე,ლათინური
M,კელსი,ლათინური
M,კენზო,იაპონური
M,კენსორინე,ლათინური
M,კესარიოს,
M,კეფა,სირიული
M,კვარტი,ლათინური
M,კვინტილიანე,ლათინური
M,კვიპრიანე,
M,კვირია,ქართული
M,კვირიაკე,ბერძნული
M,კვირიკე,ბერძნული
M,კვირინე,ლათინური
M,კვიროსი,ბერძნული
M,კიიოში,იაპონური
M,კიკოლა,
M,კინდეუსი,ბერძნული
M,კიონი,
M,კირილე,სპარსული
M,კირიონ,ლათინური
M,კიტა,ქართული
M,კლავდიანე,
M,კლავდიოსი,
M,კლეონიკე,ბერძნული
M,კლეოპა,ებრაული
M,კლიმენტი,ლათინური
M,კობა,ქართული
M,კოდრატე,ლათინური
M,კოინტე,ლათინური
M,კოკა,ქართული
M,კონდრატე,
M,კონკორდიოსი,ლათინური
M,კონონი,ბერძნული
M,კონსტანტინე,ლათინური
M,კოპრე,
M,კორივი,
M,კორნილიოს,ლათინური
M,კორნუტე,
M,კორონატი,ლათინური
M,კოსტა,ქართული
M,კოტე,ქართული
M,კოუჰეი,იაპონური
M,კოჩა,
M,კრისკენტი,ლათინური
M,კრისპე,ლათინური
M,კრონიდე,ბერძნული
M,კუკური,ქართული
M,კუფე,
M,ლადო,ქართული
M,ლავრენტი,ლათინური
M,ლავროსი,ლათინური
M,ლაზარე,ებრაული
M,ლაოდიკე,ბერძნული
M,ლარგიოსი,ლათინური
M,ლაშა,ქართული
M,ლაშაგიორგი,ქართული
M,ლევან,ქართული
M,ლევანი,ქართული
M,ლევკიოსი,ბერძნული
M,ლეონი,ლათინური
M,ლეონიდე,ლათინური
M,ლეონტი,ბერძნული
M,ლერი,
M,ლექსო,ქართული
M,ლიბერიოსი,ლათინური
M,ლიკარიონი,
M,ლილიოს,ბერძნული
M,ლიმნიოსი,ბერძნული
M,ლინე,ბერძნული
M,ლიპარიტ,
M,ლისიმაქე,ბერძნული
M,ლოთი,ებრაული
M,ლომია,ქართული
M,ლომიტა,
M,ლონგინოზ,ლათინური
M,ლუარსაბ,სპარსული
M,ლუკა,ლათინური
M,ლუკიანე,ლათინური
M,ლუკილიანე,
M,ლუკილიოს,ლათინური
M,ლუპე,ლათინური
M,მაგნე,ლათინური
M,მავრიკიოს,ბერძნული
M,მავროს,ბერძნული
M,მავსიმე,
M,მათე,ებრაული
M,მაკარ,ბერძნული
M,მაკედონ,ბერძნული
M,მაკოტო,იაპონური
M,მაკრობიოს,ბერძნული
M,მალაქია,ებრაული
M,მალქოსი,ებრაული
M,მალხაზ,ქართული
M,მამაი,
M,მამამზე,ქართული
M,მამანტი,ბერძნული
M,მამია,ქართული
M,მამისა,ქართული
M,მამისთვალი,ქართული
M,მამუკა,ბერძნული
M,მანაბუ,იაპონური
M,მანუელი,ებრაული
M,მანუჩარ,სპარსული
M,მანუჩარი,სპარსული
M,მარდარი,
M,მარდონიოსი,
M,მარი,ბერძნული
M,მარიავე,
M,მარიანე,
M,მარინი,
M,მარკელე,ლათინური
M,მარკიანე,
M,მარკოზ,ლათინური
M,მარონი,
M,მარსელი,ლათინური
M,მარტია,ქართული
M,მარტინე,
M,მარტინიანე,
M,მარტირე,ბერძნული
M,მარუთა,
M,მარციალი,
M,მასაო,იაპონური
M,მასარუ,იაპონური
M,მასაჰირო,იაპონური
M,მაქსიანე,
M,მაქსიმე,ლათინური
M,მგელია,ქართული
M,მგელიკა,ქართული
M,მევლუდ,არაბული
M,მელიტონ,ბერძნული
M,მერაბ,სპარსული
M,მერაბი,სპარსული
M,მექი,ებრაული
M,მინდია,ქართული
M,მინორუ,იაპონური
M,მირზა,სპარსული
M,მირიან,სპარსული
M,მირიანი,სპარსული
M,მიშა,
M,მიშიკო,ქართული
M,მიხეილ,ებრაული
M,მიხეილი,ებრაული
M,მოგელი,ქართული
M,მოსე,ებრაული
M,მურად,არაბული
M,მურვან,
M,მურთაზ,არაბული
M,მურთაზი,არაბული
M,მუშნი,ხურიტული
M,მუხრან,ქართული
M,ნადირა,
M,ნავროზა,
M,ნაზარი,ებრაული
M,ნანია,ებრაული
M,ნაოკი,იაპონური
M,ნარიმან,ირანული
M,ნარკის,ბერძნული
M,ნასყიდა,ქართული
M,ნაუმი,ებრაული
M,ნეონი,
M,ნეოფიტე,ბერძნული
M,ნერანგიოსი,
M,ნერსე,სპარსული
M,ნესტორ,ბერძნული
M,ნესტორი,ბერძნული
M,ნიაზ,სპარსული
M,ნიკა,ბერძნული
M,ნიკანდრე,ბერძნული
M,ნიკანდრო,ბერძნული
M,ნიკანორ,ბერძნული
M,ნიკიტა,ბერძნული
M,ნიკიფორე,ბერძნული
M,ნიკოდიმოს,ბერძნული
M,ნიკოლოზ,ბერძნული
M,ნიკოლოზი,ბერძნული
M,ნიკონი,ბერძნული
M,ნიკოსტრატი,ბერძნული
M,ნიკტოპოლიონე,ბერძნული
M,ნიკუტა,
M,ნილოსი,ინდური
M,ნინია,
M,ნიტე,ლათინური
M,ნიფონტი,ბერძნული
M,ნობუ,იაპონური
M,ნოდარ,სპარსული
M,ნოდარი,სპარსული
M,ნოდო,ქართული
M,ნოე,ებრაული
M,ნოშრევან,სპარსული
M,ნუგზარ,ირანული
M,ნუგზარი,ირანული
M,ნუგო,ქართული
M,ნუკრი,ქართული
M,ოთარ,ქართული
M,ოთარი,ქართული
M,ოთია,ქართული
M,ოლეგ,სკანდინავიური
M,ოლიმპი,
M,ოლიმპიოსი,ბერძნული
M,ომანა,
M,ომარ,არაბული
M,ომარი,არაბული
M,ონანა,
M,ონიკა,
M,ონისე,ბერძნული
M,ონისიმე,ბერძნული
M,ონისიფორე,ბერძნული
M,ონოფრე,ეგვიპტური
M,ორბელ,ქართული
M,ორდე,
M,ორე,ებრაული
M,ორენტიოსი,ბერძნული
M,ორესტი,ბერძნული
M,ოსამუ,იაპონური
M,ოსე,ებრაული
M,ოსტრიხიოსი,ბერძნული
M,ოტია,ქართული
M,ოქროპირ,ქართული
M,პაატა,ქართული
M,პაელე,ლათინური
M,პავლინე,ლათინური
M,პავსიკაკოს,ბერძნული
M,პავსილიპე,ბერძნული
M,პაისი,ბერძნული
M,პალადინ,ბერძნული
M,პალი,
M,პამბონე,
M,პამვა,ბერძნული
M,პამფალონე,ბერძნული
M,პამფილე,ბერძნული
M,პანკრატი,ბერძნული
M,პანსოფი,ბერძნული
M,პანტელეიმონ,ბერძნული
M,პანტიოსი,ბერძნული
M,პანქარე,ბერძნული
M,პაპალა,
M,პაპილა,ბერძნული
M,პაპიუსი,ბერძნული
M,პაპუნა,ქართული
M,პარამონი,ბერძნული
M,პარდო,
M,პართენი,ბერძნული
M,პარიგორი,ბერძნული
M,პარმენ,
M,პასიკრატე,ბერძნული
M,პატაპი,
M,პატარკაცი,ქართული
M,პატერმუთი,
M,პატრიკიოსი,ბერძნული
M,პატროვე,ბერძნული
M,პატროკლე,ბერძნული
M,პაფნუტი,
M,პაქტოვი,ბერძნული
M,პახუმი,ბერძნული
M,პელიოსი,ბერძნული
M,პეონი,ბერძნული
M,პერეგრინე,ლათინური
M,პეტრე,ბერძნული
M,პიგასი,ბერძნული
M,პიმენ,ბერძნული
M,პინა,ბერძნული
M,პიონიოსი,ბერძნული
M,პიროს,ბერძნული
M,პისტე,ბერძნული
M,პიტირიმი,
M,პლატონ,ბერძნული
M,პოლიევქტე,ბერძნული
M,პოლიენი,ბერძნული
M,პოლიქრონიოსი,ბერძნული
M,პოლუბიოს,ბერძნული
M,პომპეუს,ბერძნული
M,პომპიოს,
M,პონტო,
M,პოპლი,ლათინური
M,პორფირე,ბერძნული
M,პოტიტე,ლათინური
M,პრილიდიანე,
M,პრისკე,ლათინური
M,პროვიოს,ლათინური
M,პროკლე,ლათინური
M,პროკოფი,ბერძნული
M,პროკული,
M,პროტას,ბერძნული
M,პროტერი,ბერძნული
M,პროტი,ბერძნული
M,პროტოგენი,ბერძნული
M,პროტოლეონი,ბერძნული
M,პროხორე,ბერძნული
M,პუდე,
M,პუპლიოს,ლათინური
M,ჟამიერა,ქართული
M,ჟამუტა,ქართული
M,ჟორა,
M,ჟორჟ,ფრანგული
M,რაბული,
M,რადიშ,
M,რამაზ,არაბული
M,რამაზი,არაბული
M,რამზე,ეგვიპტური
M,რაჟდენი,სპარსული
M,რატი,ირანული
M,რაფაელ,ებრაული
M,რაფიელი,
M,რაჯი,
M,რეასე,
M,რევაზ,არაბული
M,რევოკატი,ლათინური
M,რეზი,ქართული
M,რეზო,ქართული
M,რენ,იაპონური
M,რიკუ,იაპონური
M,რიმა,ბერძნული
M,რიქსე,ლათინური
M,რობი,გერმანული
M,როდოპიანე,ბერძნული
M,როი,იაპონური
M,როინი,სპარსული
M,როლანდი,გერმანული
M,რომან,ლათინური
M,რომანი,ლათინური
M,რომანოზ,ბერძნული
M,რომილე,ბერძნული
M,როსება,
M,როსტევან,სპარსული
M,როსტომ,სპარსული
M,რუსტიკე,ლათინური
M,რუფე,
M,რუფინე,
M,საამი,
M,საბა,ბერძნული
M,საბატიოსი,ებრაული
M,საბელე,ებრაული
M,საბია,
M,საბინე,
M,საბრალო,
M,საბურო,იაპონური
M,სადოკი,სპარსული
M,სავაშ,თურქული
M,სავაში,თურქული
M,სავერინე,ლათინური
M,სავეროს,ლათინური
M,სავლე,ებრაული
M,საკერდონი,ლათინური
M,საკშიკ,ინდური
M,სალამან,ებრაული
M,სამე,ებრაული
M,სამოელ,ებრაული
M,სამონი,ებრაული
M,სამსონი,ებრაული
M,სანდრო,ქართული
M,სარგისი,
M,სარდიონი,
M,სარვილე,
M,სარიდანი,
M,სარმეანე,
M,სასონი,
M,სატირი,ლათინური
M,სატორნილე,
M,სატურნინე,ლათინური
M,საფარა,
M,სებასტიანე,ბერძნული
M,სევერიანე,ბერძნული
M,სეკუნდიოს,ლათინური
M,სელაფიელი,ებრაული
M,სელინიოსი,ბერძნული
M,სენისი,
M,სერაპიონ,
M,სერაფიმე,ებრაული
M,სერგი,სლავური
M,სერგო,
M,სესია,ქართული
M,სეფედავლე,
M,სეხნია,ქართული
M,სვიმბლე,
M,სვიმეონ,ებრაული
M,სვიმონი,
M,სიაოში,
M,სიბელი,
M,სიგიცე,
M,სიდამონ,
M,სილანე,
M,სილვანე,ლათინური
M,სილიბისტრო,ლათინური
M,სილოანე,ლათინური
M,სიმეონ,ებრაული
M,სიმონ,ებრაული
M,სიმფორიანე,ბერძნული
M,სინეზი,
M,სისინიოს,
M,სისოი,
M,სმარაგდე,ბერძნული
M,სოზარ,
M,სოზია,
M,სოზონტე,ბერძნული
M,სოკრატე,ბერძნული
M,სოლოლა,
M,სოლომონ,ებრაული
M,სოლოქონი,
M,სონირილე,
M,სორა,იაპონური
M,სოსე,ბერძნული
M,სოსთენი,ბერძნული
M,სოსიპატრე,ბერძნული
M,სოსო,ქართული
M,სოუტა,იაპონური
M,სოფონია,ებრაული
M,სოფრონ,ბერძნული
M,სპანდიერ,
M,სპარტაკ,ლათინური
M,სპევსიპე,ბერძნული
M,სპირიდონი,ბერძნული
M,სტაქო,ბერძნული
M,სტრატონი,ბერძნული
M,სტრატონიკე,ბერძნული
M,სულა,ქართული
M,სულმამა,ქართული
M,სულხან,ბერძნული
M,სუმბატ,
M,სუსუმუ,იაპონური
M,სუქია,
M,ტადაში,იაპონური
M,ტავრიონე,
M,ტაიკი,იაპონური
M,ტაკაში,იაპონური
M,ტაკეო,იაპონური
M,ტაკერუ,იაპონური
M,ტაკუია,იაპონური
M,ტაკუმი,იაპონური
M,ტარას,ბერძნული
M,ტარახი,ბერძნული
M,ტარიელ,ირანული
M,ტარიჭან,
M,ტატიონე,
M,ტატო,ქართული
M,ტერენტი,ბერძნული
M,ტერტი,ლათინური
M,ტეცუია,იაპონური
M,ტვიქიკე,ბერძნული
M,ტიბურტი,
M,ტიგრიოსი,ლათინური
M,ტიმოთე,ბერძნული
M,ტიმოლაოსი,ბერძნული
M,ტიმონი,ბერძნული
M,ტიტე,ლათინური
M,ტიხონი,ბერძნული
M,ტომა,
M,ტრანკვილინე,ლათინური
M,ტრივიმი,ლათინური
M,ტრისტან,ლათინური
M,ტრიფილიოს,ბერძნული
M,ტრიფონი,ბერძნული
M,ტროადი,
M,ტროფიმე,ბერძნული
M,ტურვონი,ლათინური
M,ტურია,ქართული
M,უარბანოსი,ლათინური
M,უაროსი,
M,უირკო,
M,ურიელი,ებრაული
M,ურპასიანე,
M,უფალი,ქართული
M,უშანგი,სპარსული
M,უჩა,ქართული
M,ფაბიოს,ლათინური
M,ფავსტე,ლათინური
M,ფავსტიანე,ლათინური
M,ფანტინე,
M,ფარემუზა,სპარსული
M,ფარმუთა,ეგვიპტური
M,ფარნაკი,
M,ფარნაოზ,ირანული
M,ფარსადან,ბერძნული
M,ფარსმან,სპარსული
M,ფელიქს,ლათინური
M,ფელიქსიმე,
M,ფეშენგი,
M,ფილაგრე,ბერძნული
M,ფილადელფოსი,ბერძნული
M,ფილარეტი,ბერძნული
M,ფილე,
M,ფილეტერი,ბერძნული
M,ფილიგონ,ბერძნული
M,ფილიმონ,
M,ფილიპე,ბერძნული
M,ფილოთეოს,ბერძნული
M,ფილოლოგი,ბერძნული
M,ფილოსოფოს,ბერძნული
M,ფილოქტიმონე,ბერძნული
M,ფილუმენ,ბერძნული
M,ფინეზ,
M,ფირანი,
M,ფირმინე,ლათინური
M,ფირმოს,ლათინური
M,ფიროზა,სპარსული
M,ფირუზა,ირანული
M,ფლაბიანე,
M,ფლაბიოს,ბერძნული
M,ფლეგონტი,ბერძნული
M,ფლორე,ლათინური
M,ფლორენტი,ლათინური
M,ფოკა,
M,ფორბინე,ბერძნული
M,ფორტუნატი,ლათინური
M,ფოსტირიოს,ბერძნული
M,ფოტინე,ბერძნული
M,ფოტიოს,ბერძნული
M,ფოცხვერი,ქართული
M,ფრიდონ,ირანული
M,ფრონტასიოს,ლათინური
M,ფრუმენტი,ლათინური
M,ფსოე,
M,ფულბიანე,
M,ფუსიკი,
M,ქავთარი,ქართული
M,ქაიხოსრო,სპარსული
M,ქართლოს,ქართული
M,ქარისიმე,ლათინური
M,ქაქუჩა,
M,ქაქუცა,
M,ქერიმონი,ბერძნული
M,ქვაბული,ქართული
M,ქველი,ქართული
M,ქიტესა,ქართული
M,ქიშვარდი,ქართული
M,ქობული,ქართული
M,ქრისანთე,ბერძნული
M,ქრისოტელი,ბერძნული
M,ქრისტესია,ქართული
M,ქრისტეფორე,ბერძნული
M,ქრისტოდულე,ბერძნული
M,ქსანთე,ბერძნული
M,ქსენოფონტი,ბერძნული
M,ქტისტეფორე,ქართული
M,ქუდიონი,
M,ქუთონიოს,
M,ქუმსი,
M,ქუქუჩა,
M,ქუცნა,
M,ქუჯი,
M,ღარიბა,ქართული
M,ღვთისავარი,ქართული
M,ღვთისია,ქართული
M,ღვთისო,ქართული
M,ღვინია,ქართული
M,ღუღუნა,ქართული
M,ყაითამზა,ქართული
M,ყარამან,სპარსული
M,ყაფლან,თურქული
M,ყაყიტა,ქართული
M,ყვარყვარე,ქართული
M,ყიასა,ქართული
M,შაბური,ქართული
M,შადიმან,სპარსული
M,შაკო,ქართული
M,შალვა,ქართული
M,შალიკო,ქართული
M,შამადავლე,
M,შანშე,ქართული
M,შარია,ქართული
M,შარმაზანი,სპარსული
M,შაქარა,ქართული
M,შაქრო,ქართული
M,შერგილ,სპარსული
M,შერმადინ,არაბული
M,შიაოში,ებრაული
M,შიგერუ,იაპონური
M,შილა,ებრაული
M,შინ,იაპონური
M,შინიჩი,იაპონური
M,შიო,ირანული
M,შირო,იაპონური
M,შმაგი,
M,შოთა,
M,შოუ,იაპონური
M,შოუტა,იაპონური
M,შოშია,ქართული
M,შუნ,იაპონური
M,ჩაგუ,
M,ჩაგუნა,ქართული
M,ჩინარ,თურქული
M,ჩიტო,ქართული
M,ჩოყოლა,ქართული
M,ცანგალა,ქართული
M,ცეზარი,
M,ცისკარა,ქართული
M,ცისკარი,ქართული
M,ციცი,ქართული
M,ცოტნე,ქართული
M,ცუბასა,იაპონური
M,ცუიოში,იაპონური
M,ცხვარი,ქართული
M,ძაგან,სომხური
M,ძამისა,ქართული
M,ძაღინა,ქართული
M,წათე,ქართული
M,წყალობა,ქართული
M,ჭაბუკა,ქართული
M,ჭიაბერ,ქართული
M,ჭიჭია,ქართული
M,ჭიჭიკო,ქართული
M,ჭოლა,ქართული
M,ხარება,ქართული
M,ხარიტონი,ბერძნული
M,ხარლამპი,ბერძნული
M,ხახუტა,ქართული
M,ხეჩუა,ქართული
M,ხვთისავარ,ქართული
M,ხვიჩა,ქართული
M,ხიზანა,ქართული
M,ხირხელა,ქართული
M,ხობელასი,ქართული
M,ხოსრო,სპარსული
M,ხოხია,ქართული
M,ხოხიტა,ქართული
M,ხუან,ესპანური
M,ხუდადა,ოსური
M,ხუდდანი,ოსური
M,ხუტა,ქართული
M,ხუცია,ქართული
M,ჯაბა,ქართული
M,ჯავახი,ქართული
M,ჯამათა,ქართული
M,ჯანსუღ,სპარსული
M,ჯარჯი,ქართული
M,ჯასტინი,ლათინური
M,ჯემალ,არაბული
M,ჯემალი,ქართული
M,ჯვებე,
M,ჯონდო,ქართული
M,ჯონი,
M,ჯოტო,ქართული
M,ჯუანშერ,სპარსული
M,ჯუბი,ქართული
M,ჯუმბერ,
M,ჯუმბერი,
M,ჯურხა,
M,ჰამლეტ,გერმანული
M,ჰარუტო,იაპონური
M,ჰერაკლე,ბერძნული
M,ჰიროკი,იაპონური
M,ჰიროტო,იაპონური
M,ჰიროში,იაპონური
F,აგნია,ლათინური
F,აგრაფინა,ლათინური
F,აგრიპინა,
F,ადა,ებრაული
F,ადელაიდა,გერმანული
F,ადონსია,ესპანური
F,ავგუსტა,ლათინური
F,ავრორა,ლათინური
F,აზა,არაბული
F,ათანასია,ბერძნული
F,აი,იაპონური
F,აიაკა,იაპონური
F,აიანო,იაპონური
F,აიდა,არაბული
F,აიკო,იაპონური
F,აიმი,იაპონური
F,აიშე,არაბული
F,აკემი,იაპონური
F,აკვილინა,ლათინური
F,ალა,
F,ალეფტინა,ლათინური
F,ალექსანდრა,ბერძნული
F,ალისა,გერმანული
F,ალისია,გერმანული
F,ამანდა,ლათინური
F,ამელა,ლათინური
F,ანა,ებრაული
F,ანალორენა,
F,ანამარია,ებრაული
F,ანანა,ებრაული
F,ანანდი,ინდური
F,ანანო,ქართული
F,ანასტასი,ბერძნული
F,ანასტასია,ბერძნული
F,ანატოლია,ბერძნული
F,ანგელინა,ბერძნული
F,ანეტა,ფრანგული
F,ანთია,ბერძნული
F,ანთისა,ბერძნული
F,ანთუსა,ბერძნული
F,ანი,
F,ანიკა,
F,ანიმაისა,
F,ანინე,ქალდეური
F,ანისია,ბერძნული
F,ანიტა,ებრაული
F,ანნა,ებრაული
F,ანნა-მარია,
F,ანტონინა,ბერძნული
F,ანუკა,ქართული
F,ანუკი,ქართული
F,ანუსია,ბერძნული
F,აოი,იაპონური
F,აპოლინარია,
F,აპფია,
F,არეთა,არაბული
F,არიადნა,ბერძნული
F,არიანდა,ბერძნული
F,არიშა,ბერძნული
F,არტემია,ბერძნული
F,არქელა,ბერძნული
F,ასია,არაბული
F,ასინეთ,ებრაული
F,ასკილა,ქართული
F,ასკიტრეა,ბერძნული
F,ასკლიდია,
F,ასკლიპიოდოტა,ბერძნული
F,ასმათ,არაბული
F,ასპიროზა,
F,აღათი,ბერძნული
F,აღათია,ბერძნული
F,აღათოკლია,ბერძნული
F,აღაპია,ბერძნული
F,ბაბალე,ბერძნული
F,ბაბილინა,ლათინური
F,ბაია,ქართული
F,ბაისო,არაბული
F,ბარბარა,ბერძნული
F,ბარბარე,ქართული
F,ბასილისა,ბერძნული
F,ბეა,ლათინური
F,ბეატრის,ლათინური
F,ბეატრისა,ლათინური
F,ბებეა,ბერძნული
F,ბედისა,ქალდეური
F,ბელა,ლათინური
F,ბენიკო,იაპონური
F,ბერა,
F,ბერტა,გერმანული
F,ბიქტორინა,
F,ბორენა,
F,ბროლა,ქართული
F,ბუბუ,ქართული
F,გაათა,
F,გავარა,არაბული
F,გაიანე,ლათინური
F,გალინა,ბერძნული
F,გედია,ქართული
F,გვანცა,ქართული
F,გვიტია,ქართული
F,გვრიტა,ქართული
F,გიული,სპარსული
F,გლაფირა,ბერძნული
F,გლიკერია,ბერძნული
F,გოგოლა,ქართული
F,გოლინხუდა,სპარსული
F,გრიგოლი,ბერძნული
F,გუგულა,ქართული
F,გუგული,ქართული
F,გულარისა,ქართული
F,გულდა,სპარსული
F,გულვარდი,ქართული
F,გულვარდისა,ქართული
F,გულთამზე,ქართული
F,გულია,ქართული
F,გულიზა,სპარსული
F,გულიზარ,სპარსული
F,გულიკო,ქართული
F,გულისა,ქართული
F,გულისვარდი,ქართული
F,გულნაზ,სპარსული
F,გულნარა,სპარსული
F,გულო,ქართული
F,გულსუნდა,ქართული
F,გულქან,სპარსული
F,გულქანა,ქართული
F,გულჩარა,ქართული
F,გულჩინა,სპარსული
F,გულჩორა,სპარსული
F,გულჯავრი,ქართული
F,გუნლაზი,სპარსული
F,გურანდა,სპარსული
F,გურანდუხტ,სპარსული
F,გუჯა,ქართული
F,დადიკა,ქართული
F,დადუნა,
F,დავარ,ქართული
F,დალი,ქართული
F,დარეჯან,ქართული
F,დარია,სპარსული
F,დარიკო,ქართული
F,დარო,ქართული
F,დაფინე,ლათინური
F,დაჯი,
F,დედისიმედი,ქართული
F,დენოლა,ქართული
F,დესპინე,ბერძნული
F,დიანა,ლათინური
F,დილა,ლათინური
F,დინა,ქართული
F,დინარა,ქართული
F,დოდო,ქართული
F,დომინიკა,ლათინური
F,დომნა,ლათინური
F,დომნიკა,ლათინური
F,დომნინა,ლათინური
F,დონა,ლათინური
F,დორა,ბერძნული
F,დოროთეა,ბერძნული
F,დროსიდა,ბერძნული
F,დუკლიდა,
F,დუნდარა,
F,ედია,
F,ევა,ბერძნული
F,ევანთია,ბერძნული
F,ევბულა,ბერძნული
F,ევგენია,ბერძნული
F,ევდოკია,ბერძნული
F,ევთალია,ბერძნული
F,ევლალია,ბერძნული
F,ევლამპია,ბერძნული
F,ევნიკია,ბერძნული
F,ევპრაქსია,ბერძნული
F,ევსტოლია,ბერძნული
F,ევტროპია,ბერძნული
F,ევფოსინე,ბერძნული
F,ევფრასია,ბერძნული
F,ეთერ,ებრაული
F,ეთერი,ებრაული
F,ეთო,ქართული
F,ეკა,ქართული
F,ეკატერინე,ბერძნული
F,ელენა,ბერძნული
F,ელენე,ბერძნული
F,ელეონორა,ებრაული
F,ელზა,გერმანული
F,ელიზა,ებრაული
F,ელიზაბედ,ებრაული
F,ელიზაბეტ,ებრაული
F,ელიკო,ქართული
F,ელიკონიდა,ბერძნული
F,ელისაბედ,ებრაული
F,ელისო,ქართული
F,ელისონი,ინგლისური
F,ელიტა,ლათინური
F,ელპიდე,ბერძნული
F,ელპიდი,
F,ემა,გერმანული
F,ემილი,ლათინური
F,ემილია,
F,ენათა,
F,ეპისტიმია,ბერძნული
F,ეპიხარია,ბერძნული
F,ეპრაქსია,ბერძნული
F,ერიკა,სკანდინავიური
F,ერმიონია,ბერძნული
F,ეროტიიდა,ბერძნული
F,ესმა,ესპანური
F,ესფირი,
F,ეუჟენია,ფრანგული
F,ეფემია,
F,ეფროსინე,ბერძნული
F,ეშხა,ქართული
F,ვალენტინა,ლათინური
F,ვალერია,ლათინური
F,ვანდა,სლავური
F,ვარვარა,ბერძნული
F,ვარსკვლავისა,ქართული
F,ვასა,
F,ვასილისა,ბერძნული
F,ვენერა,ლათინური
F,ვერა,რუსული
F,ვერიკო,ქართული
F,ვერონიკა,
F,ვიკა,ლათინური
F,ვიკი,ინგლისური
F,ვიკტორია,ლათინური
F,ვიოლა,ფრანგული
F,ვიოლეტა,ფრანგული
F,ზაირა,თურქული
F,ზეინაბ,არაბული
F,ზიზი,უნგრული
F,ზინაიდა,ბერძნული
F,ზინობია,ბერძნული
F,ზოია,ბერძნული
F,ზუკა,ქართული
F,თაზო,ქართული
F,თათა,ქართული
F,თათია,ქართული
F,თათული,ქართული
F,თაკო,ქართული
F,თალიკო,ქართული
F,თამარ,ებრაული
F,თამარი,სპარსული
F,თამთა,ქართული
F,თამთიკე,ქართული
F,თამი,ქართული
F,თამილა,ინდური
F,თამრიკო,ქართული
F,თამრო,ქართული
F,თამუნა,ქართული
F,თამჩო,ქართული
F,თანანა,ქართული
F,თეა,ქართული
F,თებე,ბერძნული
F,თებრონე,ქართული
F,თედოსია,ბერძნული
F,თეთრუა,
F,თეკლა,ებრაული
F,თეკლე,ბერძნული
F,თეო,ბერძნული
F,თეოდორა,ბერძნული
F,თეოდოსია,ბერძნული
F,თეოდოტია,ბერძნული
F,თეოზვა,
F,თეონა,ბერძნული
F,თეონილა,
F,თეოპისტია,ბერძნული
F,თეოფანია,ბერძნული
F,თეოფილა,ბერძნული
F,თეოქტისტა,ბერძნული
F,თესალონიკია,ბერძნული
F,თვარელა,
F,თიბეა,ბერძნული
F,თიკა,ქართული
F,თიკო,ქართული
F,თინა,ქართული
F,თინათინ,ქართული
F,თინათინი,ქართული
F,თინიკო,ქართული
F,თმაგიშერა,ქართული
F,თომაიდა,ბერძნული
F,თორელა,
F,თუთა,ქართული
F,თუთია,ქართული
F,ია,ბერძნული
F,იათამზე,ქართული
F,იამზე,ქართული
F,იდა,ევროპული
F,ივდით,ებრაული
F,ივდითი,ებრაული
F,ივლიტა,ლათინური
F,იზა,
F,იზაბელა,ებრაული
F,იზოლდა,ევროპული
F,ილარია,ბერძნული
F,ილონა,უნგრული
F,იმედა,ქართული
F,ინა,ევროპული
F,ინგა,სკანდინავიური
F,ინდირა,ინდური
F,ინეზა,ლათინური
F,იოანა,ებრაული
F,იოვილა,ბერძნული
F,იოკო,იაპონური
F,იოლან,უნგრული
F,იოლანდა,ბერძნული
F,იოუკო,იაპონური
F,იოშიკო,იაპონური
F,ირა,ებრაული
F,ირაიდა,ბერძნული
F,ირინე,ბერძნული
F,ირმა,
F,ისიდორა,ბერძნული
F,იუზუკი,იაპონური
F,იუკიკო,იაპონური
F,იულია,ლათინური
F,იულიანა,ლათინური
F,იულიანია,ლათინური
F,იუმი,იაპონური
F,იუმიკო,იაპონური
F,იუნა,იაპონური
F,იუნია,ლათინური
F,იუსტინა,ლათინური
F,იუუმა,იაპონური
F,კაზდოე,
F,კაზუკო,იაპონური
F,კაზუმი,იაპონური
F,კაკა,
F,კალერია,ლათინური
F,კალისა,ბერძნული
F,კალისთენია,ბერძნული
F,კალისტა,ბერძნული
F,კაორი,იაპონური
F,კაპიტოლინა,ლათინური
F,კარინა,სკანდინავიური
F,კასუმი,იაპონური
F,კატალინ,უნგრული
F,კატო,ქართული
F,კაუშალი,ინდური
F,კეიკო,იაპონური
F,კეკელა,ქართული
F,კერკირა,ბერძნული
F,კესანე,ქართული
F,კესარია,ბერძნული
F,კესო,ქართული
F,კვირიაკია,ბერძნული
F,კვირიენა,ბერძნული
F,კვირილა,სპარსული
F,კირა,ბერძნული
F,კლავდია,ლათინური
F,კლარა,ლათინური
F,კლეოპატრა,ბერძნული
F,კონია,
F,კონკორდია,ლათინური
F,კრავაი,
F,კრისკენტია,ლათინური
F,კრისტინა,ლათინური
F,კრისტინე,ლათინური
F,კუმიკო,იაპონური
F,ლალი,ირანული
F,ლამაზა,ქართული
F,ლამარა,ქართული
F,ლამზირა,ქართული
F,ლანა,რუსული
F,ლარისა,ბერძნული
F,ლაურა,ლათინური
F,ლედი,
F,ლეილა,არაბული
F,ლელა,ქართული
F,ლეონილა,ბერძნული
F,ლერწამისა,ქართული
F,ლია,ებრაული
F,ლიანა,ევროპული
F,ლიდა,ბერძნული
F,ლიდია,ბერძნული
F,ლიზა,ებრაული
F,ლიზი,
F,ლიზიკო,ქართული
F,ლიკა,
F,ლილე,ქართული
F,ლილი,ლათინური
F,ლილიანა,ევროპული
F,ლილიკო,ქართული
F,ლინა,ლათინური
F,ლინდა,ესპანური
F,ლოლა,ესპანური
F,ლოლიტა,ესპანური
F,ლონდა,ბერძნული
F,ლუბა,
F,ლუდმილა,რუსული
F,ლუიზა,ფრანგული
F,ლუკია,ლათინური
F,ლუკიანა,ლათინური
F,ლულუ,
F,მაგდა,ებრაული
F,მაგდალინა,ბერძნული
F,მაგდანა,ებრაული
F,მაგული,
F,მადანი,ქართული
F,მადლენა,ფრანგული
F,მადონა,იტალიური
F,მავრა,ბერძნული
F,მაზიტა,
F,მათიკო,ქართული
F,მათუნა,
F,მაი,იაპონური
F,მაია,ინდური
F,მაისა,ქართული
F,მაკა,ქართული
F,მაკინე,
F,მაკო,ქართული
F,მაკრინა,ბერძნული
F,მაკრინე,ბერძნული
F,მაკუნა,ქართული
F,მალვინა,ინგლისური
F,მამელხვა,
F,მამი,იაპონური
F,მამიკა,
F,მამისიმედი,ქართული
F,მანანა,ებრაული
F,მანეფა,ებრაული
F,მანიჟა,
F,მანჩო,ქართული
F,მარადი,ქართული
F,მარგალიტა,ბერძნული
F,მარგო,ბერძნული
F,მარეხ,ბერძნული
F,მარეხი,ბერძნული
F,მართა,სირიული
F,მარი,ებრაული
F,მარია,ლათინური
F,მარიამი,ებრაული
F,მარიანა,ლათინური
F,მარიკა,ლათინური
F,მარინა,ლათინური
F,მარინე,ლათინური
F,მარიონილა,
F,მარიტა,ბერძნული
F,მარიხი,
F,მასტრიდია,ბერძნული
F,მატილდა,გერმანული
F,მატრონა,ლათინური
F,მაყვალა,ქართული
F,მაშა,რუსული
F,მაშიკო,ქართული
F,მაშო,ქართული
F,მაცაცო,ქართული
F,მეგი,ინგლისური
F,მეგუმი,იაპონური
F,მედეა,ქართული
F,მეკაშო,ქართული
F,მეკო,
F,მელანია,ბერძნული
F,მელანო,ქართული
F,მელინა,
F,მელიტა,ბერძნული
F,მელიტინა,ბერძნული
F,მერი,
F,მეტია,ქართული
F,მზაღო,ქართული
F,მზევინარ,ქართული
F,მზეთამზე,ქართული
F,მზეთვალა,ქართული
F,მზეონა,ქართული
F,მზექალა,ქართული
F,მზეხა,ქართული
F,მზეხათუნი,ქართული
F,მზია,ქართული
F,მზირა,ქართული
F,მზისადარ,ქართული
F,მზისთანადარი,ქართული
F,მზიულა,ქართული
F,მთვარისა,ქართული
F,მია,
F,მიდორი,იაპონური
F,მინადორა,ბერძნული
F,მინამი,იაპონური
F,მირანდა,ლათინური
F,მირანდუხტი,
F,მისაკი,იაპონური
F,მიტრადორა,ბერძნული
F,მიუ,იაპონური
F,მნათობი,ქართული
F,მნათობისა,ქართული
F,მოე,იაპონური
F,მოიკო,
F,მონავარდისა,ქართული
F,მონიკა,ლათინური
F,მუზა,ბერძნული
F,ნადეჟდა,რუსული
F,ნადია,
F,ნაზი,ქართული
F,ნაზო,
F,ნათელა,ქართული
F,ნათია,ქართული
F,ნაია,
F,ნაირა,ბერძნული
F,ნანა,ქართული
F,ნანამი,იაპონური
F,ნანი,ქართული
F,ნანიკო,ქართული
F,ნანკა,ქართული
F,ნანო,
F,ნანული,ქართული
F,ნაოკო,იაპონური
F,ნაომი,იაპონური
F,ნარგიზა,ბერძნული
F,ნარგიზი,ქართული
F,ნასტია,სლავური
F,ნატა,ლათინური
F,ნატალი,ლათინური
F,ნატალია,ლათინური
F,ნატო,ლათინური
F,ნაცუკი,იაპონური
F,ნელი,ევროპული
F,ნენე,ქართული
F,ნენსი,ებრაული
F,ნეონილა,
F,ნესტან,ქართული
F,ნესტანი,ქართული
F,ნია,ქართული
F,ნიაკო,ქართული
F,ნიმფადორა,ბერძნული
F,ნინა,
F,ნინაკა,ქართული
F,ნინელი,რუსული
F,ნინი,ქართული
F,ნინიკო,ქართული
F,ნინო,ბერძნული
F,ნინუკა,ქართული
F,ნინუცა,ქართული
F,ნისა,არაბული
F,ნისიმე,
F,ნიტა,
F,ნიცა,ბერძნული
F,ნონა,ეგვიპტური
F,ნორა,ლათინური
F,ნორიკო,იაპონური
F,ნუკა,ქართული
F,ნუკი,ქართული
F,ნუნექია,ბერძნული
F,ნუნუ,ქართული
F,ნუნუკა,ქართული
F,ნუშო,
F,ნუცა,ქართული
F,ნუცი,ქართული
F,ნუციკო,ქართული
F,ოლდა,
F,ოლივია,ლათინური
F,ოლიმპიადა,ბერძნული
F,ოლღა,სკანდინავიური
F,პარასკევა,ბერძნული
F,პარულ,ინდური
F,პატარქალი,ქართული
F,პელაგია,ბერძნული
F,პეპელა,ქართული
F,პეროჟავრა,სპარსული
F,პერპეტუა,ლათინური
F,პირვარდისა,ქართული
F,პირიმზე,ქართული
F,პისტი,
F,პოპლია,ლათინური
F,ჟამიტა,ქართული
F,ჟანა,ებრაული
F,ჟენია,ფრანგული
F,ჟუჟა,უნგრული
F,ჟუჟუნა,ქართული
F,რაგინი,
F,რაისა,ბერძნული
F,რაქილი,
F,რეიკა,იაპონური
F,რინ,იაპონური
F,რიტა,ბერძნული
F,რიფსიმე,ბერძნული
F,რიშქალა,
F,როდამ,სპარსული
F,როზა,ლათინური
F,რუთი,
F,რუსა,
F,რუსუდან,ქართული
F,რუფინა,ბერძნული
F,საბედა,ქართული
F,საბიანა,
F,საგდუხტა,ირანული
F,სადაკო,იაპონური
F,სადნა,ინდური
F,საიური,იაპონური
F,საკურა,იაპონური
F,სალი,ქართული
F,სალომე,ებრაული
F,სანათა,ქართული
F,სანდრა,ბერძნული
F,სარა,ებრაული
F,სარაფიმა,ებრაული
F,საქში,ინდური
F,საჩიკო,იაპონური
F,საცუკი,იაპონური
F,საცუკო,იაპონური
F,სებასტიანა,ბერძნული
F,სესი,ლათინური
F,სესილი,ლათინური
F,სესილია,ლათინური
F,სვეტა,რუსული
F,სვინკლიტიკია,ბერძნული
F,სიდონია,ებრაული
F,სინდია,ბერძნული
F,სირა,
F,სიხარულა,ქართული
F,სნანდულა,
F,სოლომონია,ებრაული
F,სოსანა,ებრაული
F,სოსიპატრა,ბერძნული
F,სოფი,ბერძნული
F,სოფია,ბერძნული
F,სოფიკო,ბერძნული
F,სოფიო,ბერძნული
F,სოფო,ბერძნული
F,სტელა,ლათინური
F,სტეფანიდა,ბერძნული
F,სულიკო,ქართული
F,სუსანა,ებრაული
F,ტაბითა,ებრაული
F,ტაისია,
F,ტასო,ქართული
F,ტატიანა,ბერძნული
F,ტეიკო,იაპონური
F,ტეკუსა,ბერძნული
F,ტერეზა,ევროპული
F,ტერეზია,
F,ტომოკო,იაპონური
F,ტომომი,იაპონური
F,ტოპრაკ,თურქული
F,ტოპრაკი,თურქული
F,ტრიფენე,ბერძნული
F,ულიანა,ლათინური
F,უმანკო,ქართული
F,უმეკო,იაპონური
F,ფავსტა,ლათინური
F,ფაინა,ბერძნული
F,ფატი,არაბული
F,ფატიმა,არაბული
F,ფატმა,არაბული
F,ფატმან,არაბული
F,ფაქიზო,ქართული
F,ფაცია,ქართული
F,ფებრონია,
F,ფედოსია,ბერძნული
F,ფერბუთა,
F,ფეფელა,ქართული
F,ფეფენა,ქართული
F,ფეფიკო,ქართული
F,ფეფო,ქართული
F,ფილიპია,ბერძნული
F,ფილიციტატა,ლათინური
F,ფილოთეა,ბერძნული
F,ფილონილა,
F,ფიონა,შოტლანდიური
F,ფიქრია,არაბული
F,ფლორა,ლათინური
F,ფოსო,ქართული
F,ფოტიდა,ბერძნული
F,ფოტო,ბერძნული
F,ფოფო,ქართული
F,ქაბატო,ქართული
F,ქალია,ქართული
F,ქარისა,ბერძნული
F,ქეთა,ქართული
F,ქეთათო,ქართული
F,ქეთევან,სპარსული
F,ქეთევანი,სპარსული
F,ქეთი,ქართული
F,ქეთო,სპარსული
F,ქიონია,ბერძნული
F,ქრისია,ბერძნული
F,ქრისტა,
F,ქრისტინა,ბერძნული
F,ქრისტინე,ბერძნული
F,ქრისტოდულა,ბერძნული
F,ქსანთიპა,
F,ქსენია,ბერძნული
F,ქურციკა,ქართული
F,ქუსდაზატი,
F,შარლოტა,გერმანული
F,შიგეკო,იაპონური
F,შიზუკა,იაპონური
F,შორენა,ქართული
F,შურა,
F,შუქია,ქართული
F,შუშანიკი,
F,ჩიიო,იაპონური
F,ჩიიოკო,იაპონური
F,ჩიორა,ქართული
F,ჩიტო,ქართული
F,ცაგო,ქართული
F,ცაგული,ქართული
F,ცაცა,ქართული
F,ცაცო,ქართული
F,ცეცილია,რომაული
F,ციალა,ქართული
F,ციკო,ქართული
F,ცინარა,ქართული
F,ცირა,ქართული
F,ცისანა,ქართული
F,ცისია,ქართული
F,ცისმარა,ქართული
F,ცისმარი,ქართული
F,ციური,ქართული
F,ციცია,ქართული
F,ციცინო,ქართული
F,ციცო,
F,ცოქალა,ქართული
F,ცუცა,ქართული
F,ძაბული,ქართული
F,ძიძია,ქართული
F,ჭიკჭიკა,ქართული
F,ხათუთა,თურქული
F,ხათუნა,თურქული
F,ხამფერა,
F,ხარიტა,ბერძნული
F,ხატია,ქართული
F,ხატუნა,
F,ხვარამზე,სპარსული
F,ხვაშაქი,
F,ხორეშანი,სპარსული
F,ჯენი,ინგლისური
F,ჯორჯია,ბერძნული
F,ჯულია,ლათინური
F,ჯულიეტა,იტალიური
F,ჯუნა,ინგლისური
F,ჰარი,ლათინური
F,ჰარუკა,იაპონური
F,ჰიროკო,იაპონური
F,ჰიტომი,იაპონური
F,ჰიურემი,თურქული
F,ჰოტარუ,იაპონური
